cs1,123456
cs2,123456
cs3,123456
cs4,123456
cs5,123456
cs6,123456
cs7,123456
cs8,123456
cs9,123456
cs10,123456
cs11,123456
cs12,123456
cs13,123456
cs14,123456
cs15,123456
cs16,123456
cs17,123456
cs18,123456
cs19,123456
cs20,123456
cs21,123456
cs22,123456
cs23,123456
cs24,123456
cs25,123456
cs26,123456
cs27,123456
cs28,123456
cs29,123456
cs30,123456
cs31,123456
cs32,123456
cs33,123456
cs34,123456
cs35,123456
cs36,123456
cs37,123456
cs38,123456
cs39,123456
cs40,123456
cs41,123456
cs42,123456
cs43,123456
cs44,123456
cs45,123456
cs46,123456
cs47,123456
cs48,123456
cs49,123456
cs50,123456
cs51,123456
cs52,123456
cs53,123456
cs54,123456
cs55,123456
cs56,123456
cs57,123456
cs58,123456
cs59,123456
cs60,123456
cs61,123456
cs62,123456
cs63,123456
cs64,123456
cs65,123456
cs66,123456
cs67,123456
cs68,123456
cs69,123456
cs70,123456
cs71,123456
cs72,123456
cs73,123456
cs74,123456
cs75,123456
cs76,123456
cs77,123456
cs78,123456
cs79,123456
cs80,123456
cs81,123456
cs82,123456
cs83,123456
cs84,123456
cs85,123456
cs86,123456
cs87,123456
cs88,123456
cs89,123456
cs90,123456
cs91,123456
cs92,123456
cs93,123456
cs94,123456
cs95,123456
cs96,123456
cs97,123456
cs98,123456
cs99,123456
cs100,123456
cs101,123456
cs102,123456
cs103,123456
cs104,123456
cs105,123456
cs106,123456
cs107,123456
cs108,123456
cs109,123456
cs110,123456
cs111,123456
cs112,123456
cs113,123456
cs114,123456
cs115,123456
cs116,123456
cs117,123456
cs118,123456
cs119,123456
cs120,123456
cs121,123456
cs122,123456
cs123,123456
cs124,123456
cs125,123456
cs126,123456
cs127,123456
cs128,123456
cs129,123456
cs130,123456
cs131,123456
cs132,123456
cs133,123456
cs134,123456
cs135,123456
cs136,123456
cs137,123456
cs138,123456
cs139,123456
cs140,123456
cs141,123456
cs142,123456
cs143,123456
cs144,123456
cs145,123456
cs146,123456
cs147,123456
cs148,123456
cs149,123456
cs150,123456
cs151,123456
cs152,123456
cs153,123456
cs154,123456
cs155,123456
cs156,123456
cs157,123456
cs158,123456
cs159,123456
cs160,123456
cs161,123456
cs162,123456
cs163,123456
cs164,123456
cs165,123456
cs166,123456
cs167,123456
cs168,123456
cs169,123456
cs170,123456
cs171,123456
cs172,123456
cs173,123456
cs174,123456
cs175,123456
cs176,123456
cs177,123456
cs178,123456
cs179,123456
cs180,123456
cs181,123456
cs182,123456
cs183,123456
cs184,123456
cs185,123456
cs186,123456
cs187,123456
cs188,123456
cs189,123456
cs190,123456
cs191,123456
cs192,123456
cs193,123456
cs194,123456
cs195,123456
cs196,123456
cs197,123456
cs198,123456
cs199,123456
cs200,123456
cs201,123456
cs202,123456
cs203,123456
cs204,123456
cs205,123456
cs206,123456
cs207,123456
cs208,123456
cs209,123456
cs210,123456
cs211,123456
cs212,123456
cs213,123456
cs214,123456
cs215,123456
cs216,123456
cs217,123456
cs218,123456
cs219,123456
cs220,123456
cs221,123456
cs222,123456
cs223,123456
cs224,123456
cs225,123456
cs226,123456
cs227,123456
cs228,123456
cs229,123456
cs230,123456
cs231,123456
cs232,123456
cs233,123456
cs234,123456
cs235,123456
cs236,123456
cs237,123456
cs238,123456
cs239,123456
cs240,123456
cs241,123456
cs242,123456
cs243,123456
cs244,123456
cs245,123456
cs246,123456
cs247,123456
cs248,123456
cs249,123456
cs250,123456
cs251,123456
cs252,123456
cs253,123456
cs254,123456
cs255,123456
cs256,123456
cs257,123456
cs258,123456
cs259,123456
cs260,123456
cs261,123456
cs262,123456
cs263,123456
cs264,123456
cs265,123456
cs266,123456
cs267,123456
cs268,123456
cs269,123456
cs270,123456
cs271,123456
cs272,123456
cs273,123456
cs274,123456
cs275,123456
cs276,123456
cs277,123456
cs278,123456
cs279,123456
cs280,123456
cs281,123456
cs282,123456
cs283,123456
cs284,123456
cs285,123456
cs286,123456
cs287,123456
cs288,123456
cs289,123456
cs290,123456
cs291,123456
cs292,123456
cs293,123456
cs294,123456
cs295,123456
cs296,123456
cs297,123456
cs298,123456
cs299,123456
cs300,123456
cs301,123456
cs302,123456
cs303,123456
cs304,123456
cs305,123456
cs306,123456
cs307,123456
cs308,123456
cs309,123456
cs310,123456
cs311,123456
cs312,123456
cs313,123456
cs314,123456
cs315,123456
cs316,123456
cs317,123456
cs318,123456
cs319,123456
cs320,123456
cs321,123456
cs322,123456
cs323,123456
cs324,123456
cs325,123456
cs326,123456
cs327,123456
cs328,123456
cs329,123456
cs330,123456
cs331,123456
cs332,123456
cs333,123456
cs334,123456
cs335,123456
cs336,123456
cs337,123456
cs338,123456
cs339,123456
cs340,123456
cs341,123456
cs342,123456
cs343,123456
cs344,123456
cs345,123456
cs346,123456
cs347,123456
cs348,123456
cs349,123456
cs350,123456
cs351,123456
cs352,123456
cs353,123456
cs354,123456
cs355,123456
cs356,123456
cs357,123456
cs358,123456
cs359,123456
cs360,123456
cs361,123456
cs362,123456
cs363,123456
cs364,123456
cs365,123456
cs366,123456
cs367,123456
cs368,123456
cs369,123456
cs370,123456
cs371,123456
cs372,123456
cs373,123456
cs374,123456
cs375,123456
cs376,123456
cs377,123456
cs378,123456
cs379,123456
cs380,123456
cs381,123456
cs382,123456
cs383,123456
cs384,123456
cs385,123456
cs386,123456
cs387,123456
cs388,123456
cs389,123456
cs390,123456
cs391,123456
cs392,123456
cs393,123456
cs394,123456
cs395,123456
cs396,123456
cs397,123456
cs398,123456
cs399,123456
cs400,123456
cs401,123456
cs402,123456
cs403,123456
cs404,123456
cs405,123456
cs406,123456
cs407,123456
cs408,123456
cs409,123456
cs410,123456
cs411,123456
cs412,123456
cs413,123456
cs414,123456
cs415,123456
cs416,123456
cs417,123456
cs418,123456
cs419,123456
cs420,123456
cs421,123456
cs422,123456
cs423,123456
cs424,123456
cs425,123456
cs426,123456
cs427,123456
cs428,123456
cs429,123456
cs430,123456
cs431,123456
cs432,123456
cs433,123456
cs434,123456
cs435,123456
cs436,123456
cs437,123456
cs438,123456
cs439,123456
cs440,123456
cs441,123456
cs442,123456
cs443,123456
cs444,123456
cs445,123456
cs446,123456
cs447,123456
cs448,123456
cs449,123456
cs450,123456
cs451,123456
cs452,123456
cs453,123456
cs454,123456
cs455,123456
cs456,123456
cs457,123456
cs458,123456
cs459,123456
cs460,123456
cs461,123456
cs462,123456
cs463,123456
cs464,123456
cs465,123456
cs466,123456
cs467,123456
cs468,123456
cs469,123456
cs470,123456
cs471,123456
cs472,123456
cs473,123456
cs474,123456
cs475,123456
cs476,123456
cs477,123456
cs478,123456
cs479,123456
cs480,123456
cs481,123456
cs482,123456
cs483,123456
cs484,123456
cs485,123456
cs486,123456
cs487,123456
cs488,123456
cs489,123456
cs490,123456
cs491,123456
cs492,123456
cs493,123456
cs494,123456
cs495,123456
cs496,123456
cs497,123456
cs498,123456
cs499,123456
cs500,123456
cs501,123456
cs502,123456
cs503,123456
cs504,123456
cs505,123456
cs506,123456
cs507,123456
cs508,123456
cs509,123456
cs510,123456
cs511,123456
cs512,123456
cs513,123456
cs514,123456
cs515,123456
cs516,123456
cs517,123456
cs518,123456
cs519,123456
cs520,123456
cs521,123456
cs522,123456
cs523,123456
cs524,123456
cs525,123456
cs526,123456
cs527,123456
cs528,123456
cs529,123456
cs530,123456
cs531,123456
cs532,123456
cs533,123456
cs534,123456
cs535,123456
cs536,123456
cs537,123456
cs538,123456
cs539,123456
cs540,123456
cs541,123456
cs542,123456
cs543,123456
cs544,123456
cs545,123456
cs546,123456
cs547,123456
cs548,123456
cs549,123456
cs550,123456
cs551,123456
cs552,123456
cs553,123456
cs554,123456
cs555,123456
cs556,123456
cs557,123456
cs558,123456
cs559,123456
cs560,123456
cs561,123456
cs562,123456
cs563,123456
cs564,123456
cs565,123456
cs566,123456
cs567,123456
cs568,123456
cs569,123456
cs570,123456
cs571,123456
cs572,123456
cs573,123456
cs574,123456
cs575,123456
cs576,123456
cs577,123456
cs578,123456
cs579,123456
cs580,123456
cs581,123456
cs582,123456
cs583,123456
cs584,123456
cs585,123456
cs586,123456
cs587,123456
cs588,123456
cs589,123456
cs590,123456
cs591,123456
cs592,123456
cs593,123456
cs594,123456
cs595,123456
cs596,123456
cs597,123456
cs598,123456
cs599,123456
cs600,123456
cs601,123456
cs602,123456
cs603,123456
cs604,123456
cs605,123456
cs606,123456
cs607,123456
cs608,123456
cs609,123456
cs610,123456
cs611,123456
cs612,123456
cs613,123456
cs614,123456
cs615,123456
cs616,123456
cs617,123456
cs618,123456
cs619,123456
cs620,123456
cs621,123456
cs622,123456
cs623,123456
cs624,123456
cs625,123456
cs626,123456
cs627,123456
cs628,123456
cs629,123456
cs630,123456
cs631,123456
cs632,123456
cs633,123456
cs634,123456
cs635,123456
cs636,123456
cs637,123456
cs638,123456
cs639,123456
cs640,123456
cs641,123456
cs642,123456
cs643,123456
cs644,123456
cs645,123456
cs646,123456
cs647,123456
cs648,123456
cs649,123456
cs650,123456
cs651,123456
cs652,123456
cs653,123456
cs654,123456
cs655,123456
cs656,123456
cs657,123456
cs658,123456
cs659,123456
cs660,123456
cs661,123456
cs662,123456
cs663,123456
cs664,123456
cs665,123456
cs666,123456
cs667,123456
cs668,123456
cs669,123456
cs670,123456
cs671,123456
cs672,123456
cs673,123456
cs674,123456
cs675,123456
cs676,123456
cs677,123456
cs678,123456
cs679,123456
cs680,123456
cs681,123456
cs682,123456
cs683,123456
cs684,123456
cs685,123456
cs686,123456
cs687,123456
cs688,123456
cs689,123456
cs690,123456
cs691,123456
cs692,123456
cs693,123456
cs694,123456
cs695,123456
cs696,123456
cs697,123456
cs698,123456
cs699,123456
cs700,123456
cs701,123456
cs702,123456
cs703,123456
cs704,123456
cs705,123456
cs706,123456
cs707,123456
cs708,123456
cs709,123456
cs710,123456
cs711,123456
cs712,123456
cs713,123456
cs714,123456
cs715,123456
cs716,123456
cs717,123456
cs718,123456
cs719,123456
cs720,123456
cs721,123456
cs722,123456
cs723,123456
cs724,123456
cs725,123456
cs726,123456
cs727,123456
cs728,123456
cs729,123456
cs730,123456
cs731,123456
cs732,123456
cs733,123456
cs734,123456
cs735,123456
cs736,123456
cs737,123456
cs738,123456
cs739,123456
cs740,123456
cs741,123456
cs742,123456
cs743,123456
cs744,123456
cs745,123456
cs746,123456
cs747,123456
cs748,123456
cs749,123456
cs750,123456
cs751,123456
cs752,123456
cs753,123456
cs754,123456
cs755,123456
cs756,123456
cs757,123456
cs758,123456
cs759,123456
cs760,123456
cs761,123456
cs762,123456
cs763,123456
cs764,123456
cs765,123456
cs766,123456
cs767,123456
cs768,123456
cs769,123456
cs770,123456
cs771,123456
cs772,123456
cs773,123456
cs774,123456
cs775,123456
cs776,123456
cs777,123456
cs778,123456
cs779,123456
cs780,123456
cs781,123456
cs782,123456
cs783,123456
cs784,123456
cs785,123456
cs786,123456
cs787,123456
cs788,123456
cs789,123456
cs790,123456
cs791,123456
cs792,123456
cs793,123456
cs794,123456
cs795,123456
cs796,123456
cs797,123456
cs798,123456
cs799,123456
cs800,123456
cs801,123456
cs802,123456
cs803,123456
cs804,123456
cs805,123456
cs806,123456
cs807,123456
cs808,123456
cs809,123456
cs810,123456
cs811,123456
cs812,123456
cs813,123456
cs814,123456
cs815,123456
cs816,123456
cs817,123456
cs818,123456
cs819,123456
cs820,123456
cs821,123456
cs822,123456
cs823,123456
cs824,123456
cs825,123456
cs826,123456
cs827,123456
cs828,123456
cs829,123456
cs830,123456
cs831,123456
cs832,123456
cs833,123456
cs834,123456
cs835,123456
cs836,123456
cs837,123456
cs838,123456
cs839,123456
cs840,123456
cs841,123456
cs842,123456
cs843,123456
cs844,123456
cs845,123456
cs846,123456
cs847,123456
cs848,123456
cs849,123456
cs850,123456
cs851,123456
cs852,123456
cs853,123456
cs854,123456
cs855,123456
cs856,123456
cs857,123456
cs858,123456
cs859,123456
cs860,123456
cs861,123456
cs862,123456
cs863,123456
cs864,123456
cs865,123456
cs866,123456
cs867,123456
cs868,123456
cs869,123456
cs870,123456
cs871,123456
cs872,123456
cs873,123456
cs874,123456
cs875,123456
cs876,123456
cs877,123456
cs878,123456
cs879,123456
cs880,123456
cs881,123456
cs882,123456
cs883,123456
cs884,123456
cs885,123456
cs886,123456
cs887,123456
cs888,123456
cs889,123456
cs890,123456
cs891,123456
cs892,123456
cs893,123456
cs894,123456
cs895,123456
cs896,123456
cs897,123456
cs898,123456
cs899,123456
cs900,123456
cs901,123456
cs902,123456
cs903,123456
cs904,123456
cs905,123456
cs906,123456
cs907,123456
cs908,123456
cs909,123456
cs910,123456
cs911,123456
cs912,123456
cs913,123456
cs914,123456
cs915,123456
cs916,123456
cs917,123456
cs918,123456
cs919,123456
cs920,123456
cs921,123456
cs922,123456
cs923,123456
cs924,123456
cs925,123456
cs926,123456
cs927,123456
cs928,123456
cs929,123456
cs930,123456
cs931,123456
cs932,123456
cs933,123456
cs934,123456
cs935,123456
cs936,123456
cs937,123456
cs938,123456
cs939,123456
cs940,123456
cs941,123456
cs942,123456
cs943,123456
cs944,123456
cs945,123456
cs946,123456
cs947,123456
cs948,123456
cs949,123456
cs950,123456
cs951,123456
cs952,123456
cs953,123456
cs954,123456
cs955,123456
cs956,123456
cs957,123456
cs958,123456
cs959,123456
cs960,123456
cs961,123456
cs962,123456
cs963,123456
cs964,123456
cs965,123456
cs966,123456
cs967,123456
cs968,123456
cs969,123456
cs970,123456
cs971,123456
cs972,123456
cs973,123456
cs974,123456
cs975,123456
cs976,123456
cs977,123456
cs978,123456
cs979,123456
cs980,123456
cs981,123456
cs982,123456
cs983,123456
cs984,123456
cs985,123456
cs986,123456
cs987,123456
cs988,123456
cs989,123456
cs990,123456
cs991,123456
cs992,123456
cs993,123456
cs994,123456
cs995,123456
cs996,123456
cs997,123456
cs998,123456
cs999,123456
cs1000,123456
